Tout,Solar,speed,load
20.795,180,2.1,1.430594408
20.19,138,4.6,3.872389941
20.185,265,3.6,2.643594984
20.78,424,4.1,3.18934919
20.775,418,4.1,3.206913859
21.87,460,4.6,2.998160005
21.865,447,6.2,2.680218285
21.26,395,4.6,2.983684704
20.755,338,5.2,3.988743379
20.15,237,4.6,2.539978017
20.145,130,4.1,3.247285592
19.64,13,4.1,3.204981262
19.635,0,3.1,2.020441178
19.63,0,3.6,1.683228423
19.025,0,2.6,1.496776181
19.02,0,3.6,1.356559935
19.015,0,4.1,1.32384437
19.01,0,3.1,0.726509388
19.005,0,3.1,1.980260876
18.5,0,3.1,1.181895059
18.495,0,2.6,0.591910477
18.49,0,2.6,0.12629696
18.485,42,3.1,0.998439065
18.48,145,3.1,2.344642426
19.575,243,4.1,1.792571783
19.57,335,3.1,2.396083994
20.065,412,3.6,3.046346441
20.66,440,0,2.003382605
20.655,464,4.1,2.580753639
21.15,460,4.1,2.537544205
21.745,436,4.1,2.862999622
22.24,361,6.2,2.286417778
21.735,247,4.6,3.935138625
21.73,178,4.1,2.690885716
20.625,130,5.7,2.146827638
19.52,14,4.1,1.607433838
18.915,0,3.6,2.127245013
18.91,0,2.1,2.790689137
19.505,0,0,1.123569493
18.9,0,1.5,0.719718508
18.895,0,1.5,1.080748893
18.89,0,1.5,0.731846971
18.785,0,3.1,1.196521961
18.38,0,0,0.807640187
18.375,0,2.1,1.649909551
18.87,0,2.6,1.578173267
18.765,22,2.6,0.843216793
18.86,76,2.1,1.146427965
18.855,133,3.1,1.303544151
18.85,175,3.6,3.475082051
19.445,217,2.1,3.970755444
19.94,243,0,2.575456941
21.035,251,3.6,3.022178203
22.13,254,3.6,2.152391459
22.725,244,5.2,3.918198465
20.52,203,7.2,2.473763968
19.915,173,6.2,3.645079933
19.91,207,5.2,3.235528125
19.405,99,4.1,2.278238807
18.8,11,5.2,2.488527389
18.795,0,4.6,1.798982088
18.79,0,4.6,2.109925118
18.785,0,5.2,2.069227295
18.28,0,2.6,0.701743587
18.275,0,4.1,0.822479171
18.27,0,4.1,1.113772388
18.765,0,0,0.958026717
17.66,0,0,0.770070864
17.055,0,0,0.15786726
17.05,0,0,0.533065344
18.245,39,0,1.854387487
19.84,98,0,1.734083064
20.935,123,3.1,2.847254744
22.03,219,5.2,2.736691245
22.625,392,6.2,2.678544716
22.62,393,7.2,3.862277755
22.615,446,7.7,2.864529762
21.51,255,8.2,2.499971436
20.905,404,6.7,3.929104794
22.6,375,7.7,2.287516988
21.495,267,6.2,2.369003147
20.89,166,6.2,3.897485605
20.385,136,6.2,2.669344992
19.28,15,5.7,1.638112715
19.275,0,4.1,3.43239614
19.27,0,4.1,1.589581674
19.265,0,2.6,1.868287311
18.66,0,3.6,0.076845647
18.655,0,2.6,1.2204277
18.65,0,2.6,0.493183661
19.245,0,0,0.86835179
19.24,0,3.1,0.849817369
19.235,0,3.6,0.172397826
19.23,0,3.6,1.867800462
19.225,22,2.6,0.052729565
19.72,76,2.1,1.696088858
20.315,164,2.1,2.794309114
21.41,291,1.5,2.747508816
21.905,354,3.1,3.801808611
23.1,354,4.1,3.712961373
23.095,236,5.7,3.577896544
23.09,211,5.2,3.896122785
23.085,236,4.6,2.209420008
23.08,208,6.2,2.118847928
21.875,194,5.7,3.233376044
21.37,160,4.1,3.941030252
20.265,132,4.1,3.621797504
19.66,16,4.1,3.153771938
19.655,0,3.6,1.665641051
19.65,0,2.6,1.803110618
19.645,0,2.1,1.577136664
19.64,0,2.1,1.177300578
19.635,0,3.1,1.224146459
19.63,0,2.6,1.831342771
19.625,0,0,1.251656976
20.22,0,0,0.340404558
19.615,0,0,1.850657788
20.21,0,1.5,0.863723399
20.205,22,2.1,1.596899599
20.7,72,0,2.229522863
21.295,164,2.1,2.848210754
21.79,294,0,2.605075166
22.985,303,4.1,3.788270669
24.08,257,4.1,3.420371854
24.075,402,5.7,2.530261452
23.47,361,6.7,3.796898559
23.465,258,6.7,3.968125845
22.96,206,6.7,2.282173302
22.355,187,6.2,2.121616684
21.75,171,5.7,3.75369485
20.145,132,6.2,2.666610711
19.54,16,5.7,3.137132975
19.535,0,3.6,1.738996031
19.53,0,4.6,1.910305112
19.525,0,4.1,2.58237991
19.02,0,3.6,1.096707807
19.015,0,3.6,1.360056215
19.01,0,3.6,0.76685954
19.005,0,2.1,0.888669093
19,0,1.5,0.244630988
18.995,0,2.1,0.462799067
19.49,0,2.1,1.943932159
19.485,15,2.6,0.482493911
19.48,76,0,1.837597806
20.075,133,3.1,2.279753442
20.57,275,2.6,3.448404675
21.665,389,3.6,2.878634883
22.26,452,3.6,3.069886889
22.255,396,4.6,2.123458572
22.85,371,5.7,2.259938831
22.845,282,5.7,2.482210161
22.24,218,6.2,3.883199606
21.635,219,7.2,3.692894626
20.53,179,6.2,3.513690611
19.425,135,5.2,3.237496815
18.92,17,3.6,2.073705444
18.915,0,4.6,3.034859455
18.31,0,3.1,2.962220303
18.305,0,3.1,2.269118803
17.8,0,3.6,1.378379663
18.295,0,3.1,0.734071874
18.29,0,0,0.276227495
18.885,0,0,1.350307502
18.88,0,1.5,0.688329662
18.875,0,1.5,1.303274619
18.87,0,1.5,1.913602207
18.865,23,3.1,0.000736597
19.36,72,2.1,1.473527481
19.955,138,3.1,2.591225188
19.35,191,3.6,3.934219733
19.945,291,3.1,3.47589582
21.04,424,3.1,3.236975663
22.735,474,5.2,3.221638658
22.73,457,6.7,2.814475455
22.125,394,5.2,3.844151122
21.52,356,6.2,2.046011849
21.015,254,4.6,3.722803007
20.41,201,5.7,2.061888197
19.305,132,5.7,2.565155198
18.8,17,4.6,3.192443975
18.795,0,3.1,3.062730583
18.79,0,2.6,2.009725831
18.785,0,3.1,2.364221583
18.18,0,4.1,1.209451476
17.675,0,3.6,1.037992129
17.67,0,2.6,1.914180104
17.665,0,2.1,1.262358338
17.66,0,1.5,1.329438582
18.155,0,1.5,0.535984881
18.15,0,3.6,0.913133797
18.145,13,3.6,0.608943118
18.74,55,3.6,1.761105336
18.735,108,1.5,1.111842089
18.73,286,2.6,2.46599198
19.225,348,3.1,3.469758666
19.22,384,3.6,2.094999125
20.315,419,5.7,2.322060497
20.91,443,6.2,3.986103396
22.005,405,7.2,2.207183472
22,236,7.2,3.927353205
20.895,196,7.2,2.04141438
19.79,168,6.7,2.216617482
18.685,134,7.2,3.893468553
18.08,18,5.7,3.078580262
17.575,0,5.7,3.230843096
17.57,0,3.1,2.741958005
18.065,0,3.1,2.307754545
17.56,0,3.1,1.672897828
17.555,0,3.1,0.084767041
17.55,0,3.1,0.902520534
17.545,0,3.1,1.881991489
17.54,0,2.6,0.96771239
17.535,0,2.6,1.818159296
17.53,0,3.1,0.725192438
17.525,44,4.1,1.875334884
18.02,124,3.6,1.573382255
18.615,235,4.1,2.059651639
19.11,306,3.6,2.414807821
20.205,287,5.2,3.684875295
20.8,249,4.6,2.884802111
21.295,204,5.7,2.613423145
21.29,197,5.7,2.702582711
20.785,191,6.7,2.175368966
20.78,190,6.2,3.488557615
20.175,181,6.7,2.238454407
19.67,154,6.2,3.821225519
18.565,134,6.7,3.761337117
17.46,19,6.2,3.496988526
17.455,0,5.7,2.647292289
17.45,0,4.1,1.566841332
17.445,0,4.1,1.250889918
17.44,0,4.1,0.436110274
17.435,0,4.1,0.809336027
17.43,0,3.6,0.996942625
17.425,0,3.6,1.679323154
17.42,0,2.1,1.126111351
16.815,0,1.5,1.587083981
17.41,0,0,1.882962663
17.905,31,1.5,1.457132313
18.5,135,2.6,1.810338368
18.995,159,2.6,1.778664147
20.09,163,3.6,3.507112072
20.385,187,3.6,2.418063248
22.48,184,4.6,2.915890786
19.575,192,6.2,3.342570499
19.57,191,7.7,3.709709489
19.565,218,8.2,3.244952233
18.96,194,9.8,2.791858641
18.455,200,8.2,2.60997504
21.55,183,7.2,2.293926691
21.145,163,7.2,2.073792589
17.84,23,6.7,3.395906159
17.835,0,5.2,3.131988799
17.83,0,4.1,1.6556715
17.725,0,3.9,2.165749676
17.72,0,3.7,0.573899947
17.615,0,3.5,1.076639829
17.51,0,3.2,0.529265976
17.405,0,3,0.424241631
17.4,0,2.8,1.020994684
17.295,0,2.6,1.411162918
17.29,0,0,1.730036723
17.285,13,0,0.700459684
17.78,81,2.6,2.213020233
19.475,220,2.6,2.821033868
19.47,311,5.2,3.366188487
19.965,377,4.6,3.103426408
21.06,380,5.7,2.751536837
21.655,221,7.2,3.526808882
21.65,195,8.2,2.31180915
21.045,201,7.7,2.02586107
20.54,203,8.8,3.181059142
19.935,198,7.2,3.277780007
18.33,208,6.7,3.270079001
17.725,149,5.7,2.812811446
17.72,22,5.2,2.635174343
17.215,0,4.1,2.039906669
17.21,0,2.6,1.643514416
17.705,0,2.1,1.425923826
17.7,0,0,0.779103769
17.695,0,2.1,0.179657559
17.19,0,3.6,1.385006033
17.185,0,3.1,0.275852077
17.18,0,2.6,0.525447909
17.675,0,0,1.629738563
17.67,0,2.1,1.487687751
18.265,13,0,1.570895755
17.66,77,3.1,2.028699554
18.255,104,3.1,2.035681815
18.75,296,3.6,3.569798988
19.845,378,3.6,2.367767506
20.94,374,4.6,2.014882137
20.935,220,6.7,2.411845629
20.93,201,6.7,2.087767263
20.425,207,6.2,3.25874042
19.32,202,5.7,3.316060892
19.815,234,8.8,3.617913324
19.31,218,8.8,2.050527457
17.605,144,6.2,3.989845938
17.1,22,5.7,3.376314151
16.495,0,4.1,3.288636506
15.89,0,5.7,1.303107963
15.885,0,4.6,2.749593254
15.88,0,2.6,1.533866226
16.475,0,2.6,0.989230959
16.47,0,2.6,0.741379429
16.465,0,1.5,1.483712087
16.46,0,0,0.866712706
16.455,0,1.5,1.048781773
17.05,0,0,0.373064745
17.545,16,1.5,1.16471458
17.54,120,2.1,2.29739248
18.635,230,0,1.436338156
18.63,332,4.6,3.311842268
18.625,296,4.1,3.734945415
20.82,243,5.2,3.05242467
20.815,342,5.2,2.040866699
21.41,330,5.2,2.590847388
20.805,338,6.7,2.679517918
20.3,250,6.2,2.174695944
20.295,205,5.7,2.347890735
19.69,173,5.7,2.862489584
18.585,146,5.7,3.420238805
18.08,23,5.2,3.493122952
17.475,0,3.6,2.221186141
16.97,0,3.6,1.90890465
16.965,0,3.1,1.37140405
16.96,0,2.6,1.972518065
16.955,0,2.6,0.650899837
16.35,0,1.5,1.631934345
16.345,0,2.1,1.693618073
16.34,0,2.1,1.702643061
16.335,0,0,1.227481388
16.33,0,0,1.133950728
16.925,29,2.1,1.536902149
18.02,141,1.5,2.573041731
19.115,184,2.1,2.158783371
19.61,225,5.2,3.096386518
19.605,227,4.1,3.795067626
20.7,275,5.2,3.582564918
20.695,225,6.7,2.635719986
21.29,200,7.2,2.807795074
21.285,243,7.2,3.157645045
20.18,324,6.7,2.224873887
19.575,316,7.2,2.54230744
19.07,219,4.6,3.625765718
17.965,184,4.6,2.463905742
17.36,29,4.1,2.337016729
17.355,0,2.6,3.398362678
17.35,0,0,2.471903758
17.345,0,1.5,2.820109302
16.84,0,1.5,1.607508098
17.335,0,2.6,1.402777823
17.33,0,0,0.300652775
16.225,0,1.5,0.924569557
16.22,0,1.5,1.938318645
16.215,0,0,0.677674122
16.81,0,0,1.367403216
16.805,38,2.1,1.271264504
17.3,141,2.1,1.70245987
19.495,209,0,2.143768066
21.79,319,3.1,3.42091028
21.785,371,5.2,3.76974203
20.58,433,5.2,2.763617204
21.775,391,5.7,2.365579055
21.17,454,6.7,2.088866731
21.165,449,6.2,2.026265416
20.56,403,6.7,3.800776458
20.055,253,5.7,2.254726064
19.45,212,5.7,2.337173419
19.145,149,4.1,3.167333166
18.34,0,4.1,3.343823925
18.335,0,1.5,1.855165934
18.33,0,0,1.69065621
18.325,0,3.1,1.102413735
18.92,0,2.1,1.266286078
18.315,0,3.1,1.65203551
18.31,0,3.1,1.189742975
17.805,0,1.5,0.419647435
17.8,0,2.6,0.16092251
17.795,0,2.1,1.997047678
18.29,0,0,0.087632772
18.285,29,1.5,0.839166047
19.38,147,1.5,1.060956446
21.075,192,2.6,2.403963716
21.07,316,3.6,2.765619385
21.065,382,4.6,3.380034456
21.06,460,5.2,2.595385527
21.655,456,5.2,2.553783196
21.05,449,5.2,2.308890148
20.445,439,5.7,3.25760001
20.44,380,4.6,3.876898238
19.935,316,4.1,2.596045024
19.33,241,3.1,2.860012817
18.825,156,3.6,2.349044254
18.22,0,4.1,2.89258851
18.215,0,2.6,2.038913445
18.21,0,0,2.976007555
18.805,0,0,1.310165671
18.8,0,2.6,0.759426055
18.195,0,2.1,1.426036505
17.69,0,2.1,1.434871699
17.685,0,1.5,0.993987848
17.68,0,2.6,0.059167132
18.175,0,1.5,1.138314892
18.17,0,0,0.956529154
18.165,13,2.6,0.502569363
18.16,64,2.1,1.41119276
18.155,123,2.1,2.061551066
18.15,149,2.1,3.709182971
18.145,168,3.6,2.149509
18.74,366,2.1,2.511355341
19.835,287,3.1,3.668985938
22.63,409,1.5,3.048304183
22.025,277,4.1,3.562969395
21.52,245,7.2,3.292140606
20.915,236,5.7,2.147939426
19.81,170,4.1,3.156398544
19.205,155,4.6,3.572639311
18.9,0,4.1,2.955587676
18.695,0,3.6,1.879844192
18.69,0,2.1,1.739400494
18.685,0,1.5,1.221464639
18.68,0,2.6,1.457052051
18.675,0,0,1.397944029
18.67,0,3.1,0.411241738
18.665,0,2.6,0.396927631
18.66,0,3.1,1.860206505
18.055,0,3.6,0.647246288
18.05,0,3.6,0.436930041
17.545,13,2.6,1.314840726
17.54,47,2.6,2.725192633
18.035,94,3.1,2.054912038
18.63,287,3.1,3.048731888
20.225,331,1.5,3.122390825
19.72,359,6.2,2.307516422
20.215,390,5.7,2.982625557
21.41,433,4.6,3.996012299
21.405,280,3.6,3.557509038
21.4,198,4.1,2.148835492
20.795,277,5.7,3.75365897
19.09,220,5.7,2.234067631
18.585,145,4.6,2.103075572
17.98,0,3.1,3.082509993
17.975,0,3.6,3.392005871
17.97,0,3.1,2.640197431
17.465,0,4.6,1.400603598
16.86,0,5.2,1.832845858
16.855,0,5.7,0.087063951
16.85,0,5.7,1.282481127
16.845,0,5.7,1.890721774
16.84,0,3.6,0.349100935
16.835,0,3.1,1.12784952
16.33,0,2.6,1.73459626
16.825,32,3.6,0.420124696
16.82,73,3.1,2.32654394
17.915,162,3.6,2.655185741
17.91,333,2.6,2.42502082
20.105,241,6.2,2.903372067
21.3,187,4.1,3.841153904
21.795,195,3.6,2.155649939
21.29,262,3.6,2.305332732
20.085,457,8.2,3.558875365
20.08,263,6.7,2.831628894
18.975,188,4.6,2.354915415
18.97,182,4.6,3.798189529
18.465,141,4.6,3.635159655
17.86,0,3.1,3.413320731
17.855,0,2.1,2.428558956
17.35,0,0,2.84569802
17.345,0,2.1,1.188735916
17.34,0,1.5,0.299749035
17.335,0,2.1,1.70541267
17.33,0,1.5,1.755630898
17.325,0,0,0.360394124
17.32,0,1.5,1.959235999
17.315,0,2.6,1.129432332
17.31,0,2.6,1.539608449
17.305,13,2.6,0.022343349
17.3,77,3.6,1.014539888
18.395,209,4.6,2.236243626
19.49,316,4.1,2.834757774
20.585,245,3.6,2.513591014
21.18,231,5.2,2.767779843
21.175,362,6.2,3.527196637
21.17,355,6.2,3.684343753
21.165,280,6.2,2.958292516
20.56,246,5.2,3.836294739
20.555,240,5.7,2.902427383
19.45,194,4.6,3.878543812
18.345,171,5.2,3.154450618
17.74,0,3.1,2.475342826
17.735,0,3.1,1.685997103
17.53,0,1.5,1.95560413
17.725,0,0,2.248298749
17.52,0,3.1,1.904307625
17.215,0,2.1,1.222945567
16.61,0,2.1,0.159926623
16.105,0,1.5,1.253154576
16.1,0,2.1,0.409759213
16.095,0,2.6,1.190137542
16.59,0,3.1,0.390502343
17.185,41,3.6,0.788619176
17.18,55,0,2.220460602
17.675,170,0,2.326797605
17.67,247,2.6,3.323179197
18.265,286,2.1,3.565750496
18.76,423,3.6,2.678459665
19.855,362,5.2,2.381960752
20.45,300,5.7,3.430130149
21.045,230,6.2,2.704230689
21.04,203,6.2,2.405767336
20.435,198,5.7,3.984399075
19.33,187,5.2,2.346213062
18.725,170,5.2,3.176982031
17.62,0,4.6,1.721238044
17.115,0,4.1,1.933524794
17.11,0,3.1,2.385744655
17.105,0,2.6,2.58980494
16.5,0,2.6,1.580567319
16.505,0,1.5,0.610476321
17.11,0,0,0.622262794
16.515,0,0,1.11376211
16.52,0,1.5,1.587921664
16.525,0,0,0.111468252
16.53,0,2.1,0.846131028
17.135,29,0,1.099735933
17.64,90,1.5,2.906255952
18.245,172,3.1,1.365076129
18.75,310,2.6,2.999284201
19.855,254,3.6,2.455476056
20.46,274,5.2,3.63943616
21.065,223,5.7,3.803384881
21.07,196,6.2,3.286721665
21.075,201,7.2,2.803990675
20.48,202,7.2,3.435804315
19.885,210,7.2,3.207613394
19.39,186,7.7,2.569541235
18.295,151,6.7,3.026579989
17.7,0,6.2,2.817044302
17.705,0,4.6,2.507317705
17.21,0,4.6,2.857983626
17.215,0,4.6,1.382625633
17.22,0,3.6,1.488234485
16.625,0,3.6,0.606877893
16.53,0,4.1,1.574412593
16.635,0,3.6,0.158922075
16.64,0,2.1,1.484910846
16.645,0,0,0.78038441
16.65,0,3.1,1.58931872
17.255,21,2.6,0.490693793
17.76,125,2.6,1.148701838
18.365,224,3.6,2.113772836
18.87,249,3.1,2.446599164
20.575,177,4.6,2.755138496
20.58,192,4.1,2.118332106
20.585,194,5.7,2.862002613
20.59,196,7.2,3.649195353
20.595,194,7.2,3.770012638
20.6,195,8.8,3.137962651
20.605,241,7.2,3.085778982
19.51,190,8.2,2.657088551
18.915,145,7.2,2.750406536
17.82,0,6.7,2.459198472
17.825,0,5.7,2.366275711
17.83,0,4.6,1.962612007
17.335,0,4.1,2.131017723
17.34,0,4.1,1.968227743
17.345,0,3.1,0.72285316
16.75,0,1.5,0.111733861
16.255,0,2.1,1.984082663
16.26,0,2.1,1.221361864
16.265,0,2.1,0.966414156
16.27,0,2.1,0.989234543
16.775,32,0,1.441168266
18.68,145,1.5,1.583205252
19.585,198,2.6,1.624490542
20.09,218,3.1,3.177405821
20.695,204,3.6,2.857702972
21.3,313,5.2,3.480063813
21.805,223,6.2,3.62309108
22.41,196,7.2,3.613800219
21.815,204,7.2,3.492160535
21.82,224,7.7,3.646482898
21.325,205,6.7,3.043259331
20.73,181,5.7,2.466796596
19.635,146,6.2,2.728531876
18.54,0,5.2,1.998221702
17.945,0,3.1,2.775271118
17.95,0,2.1,2.161226745
17.955,0,2.6,2.642968331
17.96,0,2.1,0.856570079
17.965,0,1.5,0.413178865
17.97,0,2.6,0.343186146
17.475,0,2.1,0.006343062
17.48,0,0,1.096680755
16.885,0,1.5,1.312418658
16.39,0,1.5,1.276917098
17.495,45,0,1.681954665
19.1,128,0,1.803632921
21.405,155,0,2.745626648
23.01,179,3.6,3.59455201
23.015,191,4.1,2.143250304
23.62,280,5.2,3.957227931
23.625,380,6.7,3.995831657
23.03,344,6.7,2.21373328
23.035,235,7.2,3.851146955
23.04,215,7.2,2.337762004
22.545,234,6.2,3.855510888
21.45,182,5.7,3.912336899
20.855,145,3.6,2.794513457
20.26,0,3.1,3.556580088
19.165,0,3.1,2.323813214
18.67,0,3.1,2.26696261
18.675,0,2.6,1.970300884
18.08,0,2.1,0.789838224
18.085,0,1.5,0.891902478
18.09,0,1.5,0.006056223
18.095,0,0,0.036978941
18.1,0,0,0.269390086
17.005,0,0,0.96559625
18.11,0,0,1.163223417
18.715,45,0,0.882480183
19.82,111,1.5,1.803155701
22.025,142,0,2.738303553
24.83,186,2.1,3.301331746
23.735,192,3.6,2.245645159
23.74,203,4.6,2.182918305
23.145,199,5.7,2.163383852
23.15,195,5.7,2.238544734
23.755,235,5.7,2.119335752
23.16,232,5.7,2.221914001
23.765,196,5.2,3.471997852
23.17,166,5.7,2.018988896
22.075,147,4.6,3.779837844
20.98,0,4.1,1.962209984
19.885,0,3.1,1.615916458
19.29,0,2.6,1.772731777
19.295,0,2.1,1.712716044
18.8,0,2.1,0.105785258
19.305,0,0,1.295138178
18.81,0,3.1,0.545050185
18.815,0,2.6,0.049875196
17.72,0,2.6,0.373973511
18.225,0,2.1,0.391851639
18.23,0,2.1,0.244113584
18.235,24,2.1,0.119140723
19.34,133,0,1.088997508
21.045,187,2.1,1.645057137
21.65,234,3.1,3.916500148
22.155,262,4.1,3.59733922
22.76,209,5.2,2.036566107
22.765,193,4.6,2.743834662
23.27,195,6.2,2.9768268
23.275,227,5.7,3.04590118
22.78,265,5.2,3.163098074
21.685,213,5.7,2.457419465
21.69,186,5.2,2.773409445
20.495,169,3.1,3.687250109
19.4,0,3.6,3.381411751
19.405,0,3.1,1.815644888
19.41,0,2.6,1.246597329
19.415,0,1.5,1.324914959
18.92,0,2.1,0.697027577
18.925,0,2.1,1.952073485
18.93,0,0,0.928673233
18.335,0,2.1,0.113819858
18.34,0,2.1,0.822303896
17.845,0,2.6,1.329511699
18.35,0,2.6,0.742266458
18.355,18,3.1,0.133932512
18.96,81,2.1,2.715689472
20.065,194,1.5,1.447337607
22.27,311,0,3.05076701
22.275,405,4.6,2.742474413
21.78,418,5.2,2.499991549
21.785,264,3.6,2.340235783
22.29,194,4.1,2.385636936
22.295,198,4.1,2.993221039
22.3,198,5.2,2.385525141
21.805,196,4.6,2.651617253
21.81,192,4.6,2.136645176
21.215,147,3.1,2.639779864
20.62,0,3.6,3.291844518
20.125,0,2.6,3.415543021
20.13,0,1.5,1.753864968
20.635,0,2.1,1.847765222
20.14,0,2.6,0.285874553
19.545,0,3.1,0.492991138
19.55,0,3.6,0.542757221
19.555,0,3.6,0.727993797
19.06,0,3.6,0.050670248
19.065,0,3.6,1.89058077
19.07,0,3.1,1.326978824
19.075,13,2.6,1.433705406
19.58,94,3.6,2.05699177
20.685,234,2.6,1.723374241
20.69,298,4.1,2.076781361
22.995,299,3.6,3.528370023
23.5,285,5.7,2.017441224
24.105,222,5.7,3.734403592
24.11,194,4.6,2.105338053
23.515,198,4.6,3.899644028
23.52,221,4.1,2.821441154
22.425,263,4.1,3.61072052
21.93,239,4.6,2.97787463
20.735,151,4.6,2.174767276
20.74,123,3.6,2.33620855
20.745,0,3.1,2.307154544
20.75,0,2.6,1.540227081
20.755,0,2.1,2.492820292
20.76,0,4.1,1.033435393
20.265,0,4.6,0.603718547
20.27,0,3.6,0.200587066
19.675,0,2.6,0.119880234
19.38,0,2.6,0.833135321
19.185,0,3.1,0.205060692
19.19,0,4.1,0.521217045
19.695,13,4.1,1.792493565
19.7,60,4.1,2.131160964
20.305,143,2.6,1.38436821
20.81,225,1.5,2.035069206
22.015,240,2.1,2.75786849
21.42,331,4.6,2.26334972
20.825,436,5.2,3.632251975
22.03,435,5.7,2.198258137
22.535,309,6.2,2.679799531
22.44,318,6.2,3.414076123
21.445,261,5.2,3.126447211
21.45,241,5.7,3.705122633
20.355,124,5.7,3.353300931
19.76,117,5.2,2.783846469
19.765,0,4.1,2.582140326
19.27,0,4.6,2.215303916
19.275,0,5.2,2.751017875
18.68,0,4.1,1.885703702
18.685,0,3.1,1.508317041
18.19,0,2.6,0.175978779
18.195,0,3.1,1.359983682
17.6,0,4.1,0.774005919
17.605,0,3.1,0.812111161
17.61,0,2.1,1.789270849
17.615,13,3.6,0.725336216
17.62,109,3.1,2.974930555
18.225,160,3.1,2.921718304
18.73,302,3.1,3.070396021
20.435,336,2.1,2.923922726
20.94,430,4.6,3.350334527
20.945,468,5.7,2.459545517
21.55,401,5.7,2.467033721
22.655,298,5.7,3.097439929
21.56,360,6.7,3.530094858
20.965,246,6.2,2.820544577
20.47,173,5.7,3.269347572
19.875,153,6.2,3.506396387
18.78,113,5.2,1.908105644
18.785,0,4.1,2.608561292
18.79,0,3.6,2.011694571
18.795,0,3.6,1.123240995
18.3,0,3.6,0.796336745
18.305,0,2.1,1.335964487
18.31,0,1.5,0.376829932
17.715,0,2.1,1.613882055
17.72,0,0,0.576312783
17.725,0,0,1.711135063
18.33,0,0,1.285523158
18.835,13,1.5,0.845482177
19.44,55,1.5,1.414542885
19.945,155,1.5,2.952802828
20.55,310,2.1,3.152882986
22.255,267,4.1,2.358624452
22.76,187,4.6,3.420904516
22.765,193,5.7,2.418333578
22.27,194,8.2,2.308477242
22.275,197,7.7,3.114923971
21.68,228,6.2,3.916484719
21.685,233,6.2,3.122558399
20.59,178,6.2,2.633731486
19.995,163,5.7,2.488608052
19.5,109,4.1,2.912069059
18.905,0,3.1,1.706930725
18.91,0,2.6,2.960425608
18.915,0,2.6,2.577983517
18.42,0,2.6,0.85338444
18.425,0,2.6,0.210711696
18.43,0,3.1,0.236376749
17.835,0,2.6,1.731151098
17.84,0,0,0.635581909
18.445,0,1.5,1.396449185
18.95,0,1.5,1.910817105
18.955,13,1.5,0.193410316
18.96,47,2.1,2.816860497
20.065,187,3.1,2.664088832
20.67,328,1.5,3.974632927
22.875,314,4.6,2.490516884
22.38,344,4.6,3.309750474
22.885,304,4.6,3.091156034
22.89,257,5.7,2.834794277
22.895,190,6.2,3.968295636
22.9,196,5.7,3.741554315
22.905,195,6.7,3.26508163
21.81,188,6.7,2.558898078
20.715,146,5.2,2.146255802
19.62,106,4.6,3.466343499
19.025,0,3.1,3.021934787
18.53,0,2.1,2.083849521
18.535,0,2.1,1.700592684
18.54,0,2.1,1.161125411
18.845,0,0,1.867359267
19.05,0,2.6,0.155869998
18.555,0,1.5,1.715256699
19.06,0,2.1,1.395672588
19.065,0,1.5,1.826807464
19.67,0,1.5,0.38187371
19.675,13,2.1,0.643322309
20.18,64,0,1.362282473
21.285,228,1.5,1.390332301
22.99,247,1.5,2.393128797
22.995,218,4.6,2.225351762
23,187,5.2,3.960398201
22.505,193,5.7,3.450232298
23.01,193,5.7,2.229659601
23.615,196,6.2,2.437085012
23.62,264,6.2,3.682132251
22.525,326,7.2,2.943589133
20.83,242,5.7,2.72192255
20.235,133,6.2,3.536506876
19.74,104,6.2,2.368336158
18.645,0,3.1,2.139531241
18.05,0,3.6,1.244268204
18.055,0,2.6,2.084541159
18.06,0,2.1,1.632667048
18.665,0,0,1.753659752
18.67,0,2.1,1.95562936
18.675,0,1.5,0.673558807
18.68,0,2.1,1.619302076
18.685,0,0,0.213379897
18.69,0,1.5,1.406859731
18.695,13,2.6,1.083440944
19.8,76,1.5,1.766076064
20.305,220,2.1,1.505550963
21.41,305,4.6,3.766111069
21.415,391,4.1,2.471036655
22.02,432,5.2,2.873042188
21.425,457,5.2,2.125125802
22.63,441,6.2,3.867722791
22.635,449,6.2,3.230607238
22.64,402,6.7,2.870777013
21.445,255,6.7,3.114033581
20.35,201,5.7,2.717166265
19.855,162,6.2,3.072209666
18.16,102,5.7,2.615316103
18.165,0,4.1,3.400231735
17.67,0,4.6,2.465289775
17.675,0,4.1,2.548228572
17.08,0,2.1,0.216516882
17.085,0,3.1,1.939733802
17.09,0,3.1,1.634325279
17.695,0,2.6,0.303297163
17.7,0,2.1,1.492934514
17.105,0,2.6,1.506105053
17.71,0,2.1,0.357503325
17.715,13,0,1.147530033
18.22,46,0,2.990462607
19.325,227,1.5,2.746510645
22.13,267,2.1,3.123006428
22.735,244,5.2,3.787343037
22.74,265,5.2,2.333363017
22.745,444,5.7,2.989250282
22.15,379,5.2,3.664890304
21.555,444,5.2,3.024938248
21.56,372,6.7,2.830820563
20.465,295,6.7,2.627298088
19.97,248,6.7,3.602822595
18.875,147,4.6,3.455920531
18.28,100,4.6,2.324615946
18.285,0,5.2,3.286558669
17.19,0,4.1,1.269951617
17.195,0,4.1,1.17794994
17.8,0,4.1,0.747343757
17.205,0,3.1,1.008238938
17.81,0,2.1,0.246115196
17.815,0,2.6,0.187688682
17.82,0,2.1,1.749437649
17.825,0,2.1,1.044503789
17.83,0,1.5,0.834704717
18.335,13,0,1.700340295
18.94,55,2.6,2.630649578
19.445,149,2.1,2.721739803
21.15,308,3.1,3.335712079
21.655,268,3.6,3.574064101
22.26,335,3.6,3.659275961
22.265,264,4.1,3.381713225
22.27,407,4.6,2.94606918
22.275,380,5.7,3.180175515
22.28,251,5.2,3.467343814
21.685,219,5.2,2.827888928
21.19,199,4.6,3.850069951
20.095,145,4.6,3.514423381
19.5,99,4.1,3.485888725
19.505,0,4.1,2.623151597
19.01,0,3.1,1.209350624
19.015,0,2.6,2.623375754
19.02,0,2.6,0.860605564
18.425,0,0,0.218505045
19.03,0,1.5,0.770973924
19.035,0,2.1,1.234344431
19.54,0,0,0.281479573
19.545,0,0,0.974106822
19.55,0,2.6,0.281580932
20.155,40,1.5,1.564146356
20.16,119,2.1,1.369162044
21.365,143,2.1,2.52404863
22.97,157,0,2.268455397
22.375,201,4.6,3.061166687
22.98,221,5.7,2.91804439
22.985,223,5.2,2.440298683
22.99,216,6.2,2.93336987
23.495,200,6.2,2.559981207
23,253,6.7,3.274613518
22.405,306,6.7,2.940797168
20.71,234,6.7,2.135441579
20.715,159,5.7,3.158084195
19.62,98,4.1,3.062452522
19.125,0,3.1,2.453051528
19.13,0,1.5,2.783309593
19.135,0,2.6,2.733863112
19.14,0,2.1,1.025162925
19.645,0,2.1,0.477165912
19.65,0,2.6,0.295369811
19.155,0,3.1,0.094001473
19.16,0,3.1,0.127408061
19.665,0,3.1,1.318548572
20.27,0,3.1,1.684808241
20.275,13,2.6,1.162257972
20.78,106,2.6,1.817114661
21.385,222,1.5,1.186972692
23.09,253,2.1,2.422037658
24.195,194,3.6,2.734378384
24.2,183,5.2,2.108013157
24.205,193,4.6,2.424126554
24.21,193,6.2,3.260069952
23.615,202,6.2,3.147532615
23.62,221,6.7,2.685604148
23.125,207,6.7,3.80145129
22.53,215,5.7,3.822079872
21.935,161,5.2,2.191272786
20.34,98,4.1,2.247732556
19.745,0,4.1,3.087868013
19.75,0,2.1,1.02017819
19.755,0,1.5,2.048521808
20.36,0,2.1,1.086157764
20.365,0,3.1,1.270258388
20.37,0,1.5,1.802591259
20.375,0,2.6,1.064809748
20.38,0,2.1,1.297590152
20.385,0,2.6,0.427992953
19.79,0,3.1,0.58138762
19.795,12,3.1,1.526063836
19.8,46,2.1,1.024012194
20.405,123,1.5,1.184238971
21.51,276,2.1,2.141568035
23.215,312,0,3.234763416
23.72,233,5.2,2.056166402
23.725,275,4.1,3.288548631
24.33,216,4.6,2.068690914
24.835,202,5.2,2.667430967
23.74,201,4.1,2.324208049
23.245,215,4.6,2.170072317
22.65,178,4.1,2.98059212
22.055,137,4.1,2.988232364
20.96,98,3.1,2.718903455
20.465,0,3.1,3.266368198
20.47,0,3.1,2.075377131
20.675,0,2.9,2.369524163
20.78,0,2.6,0.964383977
20.985,0,2.4,0.225906629
21.09,0,2.2,1.840786917
21.295,0,2,1.154169464
21.4,0,1.7,0.589404122
21.605,0,1.5,0.595143091
21.61,0,2.6,0.547304559
21.615,15,2.1,1.267113452
22.12,59,3.1,1.697525399
22.725,132,2.1,1.23195125
23.33,276,2.6,3.164747242
24.935,297,5.2,3.329843569
24.94,194,5.2,2.839371376
24.445,199,6.2,2.271537034
25.55,232,4.6,2.784963096
24.955,224,4.6,3.638947415
25.56,207,5.7,2.730981235
24.965,200,6.2,2.655606968
24.47,177,7.2,3.13639401
22.775,142,5.7,3.973957643
21.68,0,5.7,2.815109466
21.685,0,4.1,2.670704784
21.09,0,4.1,2.024862856
20.595,0,4.1,1.847468062
20.6,0,3.1,0.200246695
20.605,0,2.1,1.838039955
21.11,0,0,0.750695147
21.115,0,2.1,0.212106386
21.72,0,1.5,1.554888547
21.725,0,0,0.264237596
21.73,0,2.1,1.014072707
22.235,27,2.1,0.508054837
22.24,127,2.6,2.923353405
23.445,221,2.1,1.428412355
25.05,255,1.5,3.348398569
25.655,254,5.2,2.190801047
25.06,215,5.2,3.83557557
25.065,211,5.2,2.579996703
25.07,198,5.2,2.873968488
25.675,235,6.2,3.908360881
25.08,237,6.2,2.561037143
24.585,257,7.2,3.235247681
23.49,227,7.7,3.57602774
22.295,74,6.7,3.476908981
21.8,0,3.6,3.429086857
21.805,0,4.6,1.849455611
21.21,0,3.6,2.338413491
21.215,0,5.7,1.797082652
20.72,0,3.6,1.2648474
20.725,0,2.1,0.797313141
20.73,0,0,1.632786468
20.135,0,0,0.527210869
20.94,0,1.5,1.371503872
20.745,0,0,1.086440171
21.25,0,2.1,1.751044429
21.255,19,2.6,1.533224428
22.36,100,3.1,2.658361149
22.965,181,1.5,1.342326624
24.67,245,2.6,2.33995471
24.675,231,4.6,2.452066946
25.18,199,4.6,2.48555458
25.185,200,6.7,3.889349346
25.19,255,6.7,3.987616727
24.695,224,7.2,3.815412966
24.1,224,7.2,3.659530881
24.105,267,8.8,3.811051498
23.01,178,7.7,2.046051629
23.015,146,6.2,2.132544587
21.92,0,6.7,3.247273802
20.825,0,6.2,2.626552092
20.23,0,4.1,1.274761964
20.235,0,3.1,2.953270328
20.24,0,4.1,0.587637837
19.745,0,2.6,1.544763328
20.25,0,2.6,0.563527238
19.755,0,0,1.999320248
19.76,0,0,1.783751252
19.765,0,2.1,0.43446969
20.27,0,1.5,0.676599321
20.875,22,2.6,1.691812223
21.98,146,4.1,2.516724943
22.485,197,3.1,1.079178933
23.69,295,0,3.94582394
24.795,334,2.1,3.314004521
25.3,233,5.2,2.241658003
25.305,188,6.2,3.840215467
25.91,192,6.2,3.019915652
25.315,208,6.2,2.685720011
24.22,191,6.2,3.819957466
24.225,180,7.7,2.218072697
23.13,171,7.2,3.856193831
22.535,141,6.7,2.205636407
21.44,0,6.2,1.806890447
21.445,0,5.2,3.10099608
20.95,0,4.1,2.424320878
20.355,0,4.1,1.977390427
19.86,0,3.6,0.202398995
19.265,0,3.1,1.767357098
19.27,0,2.6,1.238461002
19.275,0,2.1,0.952782731
19.28,0,1.5,1.470655854
19.885,0,0,1.419090086
18.79,0,2.1,0.558752958
19.895,21,0,1.047762932
20.4,111,2.1,1.585243344
21.505,179,0,2.75753425
22.61,309,2.1,2.232887273
23.815,264,4.1,2.095367783
24.32,200,4.6,3.032702721
24.925,200,6.2,3.958166676
24.33,215,6.2,2.180744476
23.835,235,5.7,2.483325926
23.84,207,5.7,3.475682716
23.845,180,5.2,3.070562453
23.25,169,5.2,2.178838968
22.655,141,5.7,3.346955703
21.56,0,4.6,2.372790545
21.565,0,3.6,2.14638161
21.57,0,3.1,2.574330012
21.575,0,2.1,2.41326169
21.58,0,0,0.856747962
21.085,0,3.1,0.730168682
21.09,0,1.5,0.235656781
21.095,0,1.5,0.234465948
21.1,0,2.1,1.81689488
20.505,0,0,0.510501524
20.51,0,2.6,1.161053859
21.115,28,1.5,1.537345736
21.62,100,0,2.670531945
23.325,192,2.1,2.534978392
24.43,300,3.1,3.989925241
24.435,246,3.6,3.503170449
25.04,313,5.2,3.751499247
25.545,218,5.2,2.528086531
25.05,193,4.1,3.132504589
25.055,198,6.2,3.539065033
24.46,191,6.2,3.185533971
24.465,178,6.2,3.414570939
23.37,172,6.7,2.490083756
22.775,141,5.2,3.472390263
22.28,0,5.2,1.752605748
21.685,0,5.2,3.195708615
21.19,0,6.2,2.334710985
21.195,0,2.6,1.032333292
20.6,0,5.2,1.857954444
20.105,0,2.1,0.285780272
20.61,0,3.1,0.167955468
20.615,0,3.6,0.227735054
20.12,0,2.6,0.428331559
20.125,0,2.6,0.428248948
19.53,0,0,0.714692483
20.635,26,0,1.924909922
21.74,118,2.1,2.165386989
24.045,220,2.1,1.234774587
24.05,222,4.1,2.727801125
24.555,194,4.1,3.56943151
24.56,174,5.2,3.847118689
25.665,183,5.7,3.214929289
25.67,204,6.2,3.936828479
25.175,236,6.7,2.176749786
24.58,199,6.7,3.279425061
24.085,175,6.7,2.509243349
23.49,179,5.7,2.810544005
22.395,140,5.2,3.424315611
21.8,0,5.7,3.325822189
21.305,0,4.1,1.665062841
21.31,0,3.1,2.260226462
21.315,0,2.6,2.920611254
21.32,0,2.1,1.792008608
20.725,0,0,0.678878609
21.33,0,0,0.29240301
20.735,0,0,0.59742982
20.54,0,2.1,0.982794776
21.345,0,1.5,1.81760924
21.35,0,0,0.841517621
21.855,16,1.5,1.506261494
22.46,62,2.1,1.831066014
23.565,217,2.6,2.499568711
24.57,226,3.6,3.476557583
24.675,246,5.2,3.287722472
25.78,196,5.2,2.854032257
26.385,195,6.7,2.109885949
25.29,216,6.2,2.753559171
25.295,236,6.2,2.516693618
24.7,238,6.7,2.561383383
24.205,234,6.2,2.377172444
23.61,207,6.7,3.407070204
23.015,152,6.7,2.001105329
21.92,0,5.7,2.895377595
21.925,0,4.1,3.203851738
21.43,0,4.1,2.541554187
21.435,0,3.1,2.142300947
21.44,0,1.5,1.928011348
21.445,0,1.5,0.360848469
21.45,0,0,1.682219553
20.855,0,0,0.158588408
20.36,0,1.5,1.110140371
19.765,0,1.5,1.56407244
20.87,0,1.5,0.696432708
21.975,18,2.6,1.644913083
22.58,108,2.1,1.453849551
22.585,163,3.1,1.006574952
22.59,249,2.6,3.255004355
23.695,313,3.1,3.065264977
24.8,329,4.1,2.865430981
24.805,242,5.2,3.188453569
25.41,216,5.7,2.433284711
25.415,236,6.2,3.470531212
25.92,208,5.2,3.920666188
24.325,188,5.7,2.466380924
23.13,180,5.2,2.565984352
22.635,143,6.7,2.436148849
21.54,0,5.2,3.129048182
20.945,0,4.1,3.547649442
20.95,0,3.6,1.51893864
20.955,0,4.1,1.726887091
20.46,0,3.1,0.294805551
20.965,0,3.6,1.537801932
20.97,0,3.1,0.563403936
20.975,0,2.6,1.052583799
20.98,0,2.1,1.717503206
21.585,0,0,0.137818394
21.59,0,0,1.181553073
22.095,16,1.5,0.945053496
22.1,66,0,1.541199889
23.805,160,0,1.787941809
24.91,252,3.6,2.915389103
24.915,242,4.6,3.02342714
24.92,213,5.7,3.426658435
26.025,184,4.6,2.187571301
26.03,217,6.2,2.136573356
24.935,236,6.2,2.653144199
24.94,247,7.2,2.819848257
24.445,280,5.7,3.493237048
23.25,202,6.2,3.601310439
22.755,139,6.7,2.226497625
22.16,0,6.2,2.559864
21.665,0,5.7,2.424799741
21.67,0,5.2,2.721895529
21.075,0,3.6,2.770970593
21.08,0,4.6,1.895318093
21.085,0,4.1,0.548718946
21.69,0,2.6,1.021310184
21.095,0,2.6,1.074711091
21.1,0,2.1,1.327447619
21.705,0,1.5,1.522588366
21.71,0,1.5,0.326251053
22.215,13,2.1,1.253943431
22.22,58,1.5,2.274429084
22.825,131,2.6,1.409154604
23.33,244,3.1,2.329088961
25.035,366,4.1,3.433765292
24.54,252,4.6,2.003447829
25.645,242,5.7,3.166167116
25.65,211,6.2,3.94640296
26.155,226,6.7,2.747149141
25.06,209,6.2,2.596817122
24.565,175,7.7,3.340291246
23.97,164,6.7,2.099001391
22.875,140,6.2,2.096956314
22.28,0,5.7,3.192917427
21.785,0,4.1,3.130637276
21.79,0,4.1,1.288994594
21.795,0,4.1,1.400224597
21.2,0,3.6,1.353916493
21.205,0,3.6,0.228959719
21.21,0,3.6,0.202698218
21.815,0,4.1,1.913427503
21.82,0,4.1,0.376019844
21.225,0,3.6,1.03468681
21.83,0,3.6,0.40570051
21.835,22,2.6,1.191272446
22.34,98,2.6,2.992466983
22.345,126,3.1,1.460732991
22.95,208,3.6,2.55884531
24.055,364,3.6,2.995697015
25.16,333,3.6,3.937268366
25.765,254,5.2,3.055237372
26.27,355,6.2,3.815571519
26.875,221,7.7,3.866194541
25.18,182,8.2,3.650151073
25.185,178,7.7,2.889702795
24.69,165,7.7,2.538770067
23.495,141,6.2,3.211948314
22.4,0,7.2,2.912255846
21.905,0,6.2,2.405052832
21.91,0,6.7,1.108897449
21.315,0,5.7,1.159127285
21.32,0,4.1,1.651448492
20.825,0,2.1,1.459749476
20.83,0,0,0.196840666
20.835,0,2.1,1.190313163
19.14,0,2.6,0.377218008
19.745,0,2.6,0.662438249
19.15,0,2.1,1.263483336
20.855,28,3.1,0.785284068
22.46,84,1.5,2.395775056
24.165,120,0,1.203884379
25.87,150,2.1,3.537422275
25.275,196,4.6,3.562890339
25.88,176,4.6,2.948130265
25.885,191,6.7,3.279295811
26.99,212,7.7,3.376753863
26.395,205,8.2,3.302410346
25.9,196,8.8,3.958911398
25.305,184,9.3,2.259451603
25.31,162,8.2,2.299198122
24.215,137,7.2,3.388646196
23.12,0,6.2,2.226816737
23.125,0,6.2,2.3141947
22.53,0,4.6,2.87463727
22.535,0,3.1,2.519133727
22.54,0,3.1,0.723812899
22.045,0,2.6,1.37735294
22.05,0,0,1.098166964
22.555,0,0,0.908069269
22.06,0,0,0.552887128
21.465,0,0,1.105635093
22.07,0,0,1.03054999
22.575,27,0,1.274300957
24.28,92,0,2.156602671
26.485,118,0,1.421976123
28.19,146,3.1,2.993437728
27.595,182,4.6,2.464412355
27.1,177,5.2,3.656585429
27.605,186,6.2,3.804364235
27.11,224,6.7,2.317800037
26.515,242,6.2,3.101528783
26.52,213,7.7,2.702373063
26.525,178,7.7,2.927080419
25.43,163,7.2,2.86506262
24.335,150,5.7,3.275905112
22.64,0,5.2,2.123887884
22.645,0,5.2,2.892804482
21.55,0,2.6,1.720956198
21.555,0,2.6,1.823342179
21.56,0,3.1,0.808849673
21.565,0,3.6,0.911643897
21.07,0,2.1,0.4216214
21.575,0,2.1,1.111934668
21.38,0,1.5,1.968016203
21.585,0,1.5,1.920753332
22.19,0,2.6,1.919297312
22.195,29,1.5,0.179883119
22.2,77,2.1,2.989676201
23.305,154,2.6,2.054857339
24.41,308,3.1,2.922757163
25.015,258,3.1,3.262480108
25.52,188,3.6,2.96398698
26.125,256,5.7,2.183662065
25.53,352,6.2,2.438479476
25.035,316,6.7,3.859773516
25.04,257,6.7,2.554384645
25.045,206,5.2,3.712305659
24.45,230,4.6,2.758631628
23.355,132,6.2,2.01385428
22.26,0,6.7,3.211829627
21.665,0,5.2,2.373803709
21.67,0,4.6,1.048356514
21.675,0,3.6,1.961174567
21.68,0,3.1,1.242415237
21.685,0,2.6,1.3551746
21.69,0,2.1,1.817405981
21.195,0,3.6,1.501501677
21.2,0,1.5,0.266810003
21.705,0,0,0.693866361
21.71,0,1.5,0.085113596
22.315,33,1.5,1.720325608
22.52,53,1.5,2.695729591
23.425,213,3.1,1.358372923
24.53,279,2.6,2.301168706
26.235,319,4.1,2.811417062
26.24,221,5.2,2.142889037
26.245,221,5.2,2.98590819
26.25,219,4.6,3.152205886
26.255,238,6.7,2.737497738
25.66,209,6.7,3.107480224
24.565,175,6.7,3.534967245
24.57,179,6.7,3.856908929
23.475,143,6.2,2.491040839
22.88,0,5.7,2.552471555
22.385,0,4.6,2.524476906
22.39,0,4.6,2.553406777
22.395,0,3.1,2.556100198
21.8,0,2.1,0.210979258
21.805,0,2.1,0.13200209
21.81,0,0,0.76039035
22.415,0,1.5,0.53270657
21.82,0,0,0.344039848
21.325,0,0,1.147811389
20.73,0,0,0.246174505
21.835,28,1.5,1.348365439
22.94,123,0,2.709111917
24.645,152,0,1.644877265
26.35,140,2.1,3.394331808
26.355,174,5.2,2.548057842
26.36,184,4.6,2.715584805
27.465,199,5.2,3.184275885
26.87,196,6.2,2.259838373
27.475,211,7.7,3.860899059
27.48,193,8.2,3.845662178
26.385,176,7.7,2.950615038
26.39,177,6.7,2.725068879
25.795,144,7.2,3.974495837
24.1,0,6.7,2.845292632
24.105,0,4.6,2.138303636
24.11,0,4.1,2.943222316
23.615,0,3.1,1.491306646
22.52,0,2.6,0.431342602
22.525,0,2.6,1.161765439
22.53,0,0,1.833049681
21.935,0,2.6,1.40889957
22.54,0,0,1.715442117
22.545,0,0,1.871478806
22.55,0,1.5,0.059894627
23.655,25,0,0.014473073
25.36,81,0,1.787621083
27.565,119,0,2.541337058
27.57,147,4.1,3.89388159
28.675,175,4.1,3.430545933
28.68,184,4.6,2.886963643
28.085,193,5.7,2.512093547
28.69,208,7.2,2.342097751
28.695,222,7.7,3.874541231
28.7,189,5.7,2.102792245
28.105,180,7.7,3.800181937
27.01,167,5.7,3.428663232
26.515,143,4.6,2.784063698
25.92,0,4.1,2.760912149
24.825,0,3.1,2.76920527
24.83,0,2.6,2.280954278
24.235,0,2.1,1.66179184
24.24,0,2.6,0.853769652
24.245,0,0,1.808311647
23.75,0,1.5,0.687367541
24.855,0,0,1.102262942
22.66,0,2.1,1.0200024
23.765,0,0,0.485488648
22.67,0,0,1.711982989
23.775,25,0,1.577970171
25.48,83,2.6,2.521747765
26.585,118,2.6,1.317162573
28.19,148,3.6,2.719196834
30.495,180,4.1,2.863324313
29.9,190,4.6,2.566896992
29.905,205,6.7,2.551747876
30.51,203,8.8,3.269375702
29.315,234,7.2,2.970338407
29.92,198,6.7,3.961677674
29.325,180,4.6,2.921133405
29.33,168,5.2,3.794559704
27.135,143,4.6,3.514240219
25.54,0,3.1,2.848490905
25.545,0,2.1,2.212645618
24.95,0,2.1,2.830893102
24.955,0,2.1,2.188626006
24.36,0,2.6,0.419125389
23.865,0,2.1,0.232821527
23.87,0,3.6,0.086949724
23.275,0,2.1,1.96242361
23.28,0,2.1,1.295088289
23.285,0,0,1.783412579
22.79,0,2.1,1.603117163
23.895,25,0,0.228494392
26.1,88,1.5,1.870015454
26.705,138,3.1,2.979308348
27.21,151,4.1,3.346334639
27.815,171,3.6,2.407850259
28.92,191,4.1,2.874207457
29.425,206,5.2,2.996260087
29.43,204,5.2,3.789840541
28.935,208,5.7,2.588231177
27.84,224,6.7,2.57327874
27.845,203,6.7,3.665289996
27.25,208,4.6,2.421440363
26.155,120,4.6,2.09634237
25.06,0,3.6,2.412980262
24.465,0,2.6,1.734799954
24.47,0,2.6,2.653524819
23.975,0,3.1,1.728514191
23.38,0,0,0.319180653
23.385,0,0,1.549416683
23.09,0,4,1.325100937
23.395,0,2.1,1.70773051
23.1,0,4,0.969151344
23.405,0,1.5,0.787396964
23.41,0,2.6,0.960147611
23.415,21,1.5,1.324171642
24.52,88,2.1,1.048228355
25.125,125,2.1,1.982371862
25.73,293,2.6,3.460049099
27.335,307,2.6,2.097456236
27.34,233,5.2,2.271710683
27.945,224,4.1,2.085347192
28.45,273,4.6,2.275052993
27.355,368,5.7,2.510627989
27.36,382,5.2,3.482032941
26.265,272,5.2,2.140426154
25.17,245,3.6,3.596909598
24.575,150,4.1,2.683861326
23.48,0,4.6,2.165322254
23.485,0,3.1,3.070997758
23.49,0,3.1,2.84869708
23.495,0,2.1,2.908398048
23.5,0,2.1,1.69116988
23.505,0,1.5,1.038138257
23.51,0,2.6,1.359703867
23.015,0,2.1,0.858697977
22.42,0,2.6,0.743485565
22.425,0,1.5,1.55989366
22.43,0,1.5,0.808657507
23.035,23,2.6,1.692943287
24.14,91,3.1,2.603853425
25.845,136,3.1,1.879740343
26.35,162,2.6,3.957253659
27.455,217,4.1,2.317532653
27.46,218,4.6,2.137941716
28.065,236,4.6,3.922081403
28.57,261,5.2,3.274740107
28.075,240,5.2,3.979153461
28.08,225,5.7,2.655431578
27.485,177,5.2,3.96916492
26.99,185,5.2,2.121238962
26.395,144,5.2,3.671817609
25.3,23,4.1,2.23362458
24.705,0,3.6,2.240329115
24.21,0,2.1,1.022759966
24.215,0,2.1,2.48785569
24.22,0,2.1,1.302424051
24.725,0,0,0.751196543
24.23,0,2.6,0.980264686
24.235,0,1.5,0.21829969
24.24,0,1.5,1.265808067
24.245,0,1.5,0.647974754
24.25,0,1.5,1.169930926
24.755,27,0,1.569947951
25.36,64,1.5,1.671833521
27.565,196,0,1.538243525
29.27,192,2.1,2.921744579
29.775,254,3.1,2.590177404
29.78,230,5.2,2.070428415
30.385,260,5.2,3.298382839
30.39,349,4.1,3.172470531
30.395,273,5.7,3.103515432
29.8,208,5.7,3.387915797
28.705,193,4.6,3.211899839
27.61,170,5.2,3.584067829
26.515,144,5.7,3.188466383
25.42,23,4.1,2.754633391
25.425,0,3.6,3.002000962
25.43,0,3.6,1.245064273
25.435,0,3.1,2.599625981
24.83,0,2.6,0.042068117
24.325,0,2.6,0.673841918
23.42,0,2.6,0.502692089
23.715,0,2.1,1.831649106
23.71,0,2.6,0.367457896
23.705,0,1.5,0.677129521
23.7,0,2.6,1.625266032
23.695,18,3.6,0.712488113
24.29,94,2.1,1.121799161
25.985,206,2.6,1.631558348
25.98,304,4.1,3.168684287
27.075,381,5.7,2.52146
27.07,331,4.1,2.440553877
28.165,300,4.6,3.283737068
27.56,347,4.6,2.030017599
28.155,252,5.2,2.135212421
27.55,230,6.2,3.599151762
27.045,194,6.7,2.880636768
26.44,186,7.2,2.690089219
25.335,151,6.2,3.986491769
24.73,23,5.7,3.294162418
24.225,0,3.6,3.14223915
23.62,0,3.6,2.58437132
23.615,0,3.1,1.401963241
23.61,0,3.6,0.367629836
23.605,0,3.1,0.874185465
23.6,0,3.1,1.831550428
23.595,0,3.1,1.35887452
23.09,0,2.6,1.347224493
23.085,0,2.6,0.766028667
23.58,0,0,0.499653465
23.075,23,2.1,0.83490165
24.17,111,1.5,1.47386771
26.365,210,0,2.34825194
27.46,205,3.6,3.072946707
27.455,232,4.1,3.776087725
27.45,225,4.6,3.392190519
28.045,243,5.7,3.267390848
28.04,371,5.2,2.221397862
28.035,273,5.7,2.777420697
27.43,213,5.7,2.358145614
28.025,182,6.7,3.653388864
27.42,167,5.7,3.348751504
26.315,142,6.2,3.855037825
25.21,21,4.6,2.706060874
24.605,0,4.1,1.618903865
24.6,0,3.1,2.727890061
24.095,0,3.1,2.737658203
24.09,0,2.6,0.066931159
24.085,0,1.5,1.722961171
24.08,0,0,0.770044025
24.075,0,1.5,1.470204057
23.47,0,0,1.418388094
24.065,0,0,0.108167762
22.96,0,2.1,0.233283155
24.055,23,2.1,1.628283131
25.15,102,2.1,1.406714008
26.245,178,1.5,2.437494966
28.44,192,1.5,2.66031536
28.435,219,4.6,2.067895818
28.43,210,5.2,3.182336249
27.925,216,5.2,2.950839949
27.92,224,5.7,3.725591321
28.415,243,5.7,2.409170378
28.41,227,4.6,3.413032817
28.405,175,6.7,3.315754108
26.8,182,4.6,2.135519748
26.195,150,4.1,2.524632434
25.09,22,4.1,2.972691718
25.085,0,2.6,3.36440683
25.08,0,2.1,2.773528306
25.075,0,2.1,1.4488308
25.07,0,2.1,0.925586485
25.065,0,1.5,1.826728152
25.06,0,0,1.044250735
24.455,0,2.6,0.519937953
23.95,0,0,0.944281654
24.445,0,3.1,1.112983453
24.04,0,0,1.187829084
24.435,13,0,0.541842446
25.63,90,1.5,1.512501206
26.125,188,2.6,1.61542557
26.72,255,4.1,2.841714893
26.715,374,6.2,3.485772136
27.81,399,4.1,2.275618295
27.805,370,5.7,3.57672416
28.3,231,5.7,2.926001896
27.795,244,5.7,2.132629804
28.29,248,6.2,3.418779617
27.785,262,5.2,3.029621134
27.78,202,5.2,2.321899443
26.075,152,5.2,2.652534071
24.97,21,4.6,2.261990837
24.965,0,2.6,3.194005043
24.96,0,3.6,1.298736076
24.955,0,2.1,2.977379404
24.35,0,2.6,0.523030068
23.845,0,1.5,0.221622924
23.84,0,1.5,0.247347047
23.835,0,1.5,1.103392622
23.83,0,2.1,1.920126354
23.825,0,3.1,0.091175004
23.82,0,2.1,1.076728528
24.315,19,1.5,0.708622663
25.51,82,2.1,1.954350367
26.005,127,1.5,2.880190502
27.7,167,4.1,3.882557827
27.695,225,4.1,3.478723481
27.69,216,5.2,3.023901428
27.685,211,6.2,3.071439092
27.68,220,5.7,3.29882035
27.675,239,6.2,3.517415775
27.67,206,7.2,2.081255986
27.065,174,6.7,3.519143418
26.56,194,6.2,2.026146833
24.855,131,5.2,3.710057217
24.25,17,4.6,1.678015295
24.245,0,4.1,2.875281743
23.74,0,3.6,2.074653152
23.735,0,2.6,2.975049455
24.23,0,0,0.468344208
24.225,0,3.1,1.331164656
23.72,0,2.6,0.780383537
23.715,0,2.6,1.123957917
23.11,0,2.6,0.746720868
23.105,0,2.6,0.538335901
23.1,0,3.1,0.778750489
23.095,9,2.1,1.153220975
24.19,88,3.1,1.534243449
25.385,210,2.6,1.200015138
26.48,208,2.6,3.148189986
26.475,203,4.6,3.429478565
26.47,238,5.2,3.15599048
25.865,348,6.2,2.835556287
26.96,451,6.7,2.747960067
25.855,296,6.2,3.694161006
25.85,313,4.6,3.584592924
26.445,320,4.1,3.020369055
25.84,221,4.1,2.407600982
24.735,107,5.7,2.298394268
23.63,14,4.6,2.530546847
23.025,0,4.1,2.797330726
23.02,0,3.6,2.570510353
23.015,0,3.1,1.039141672
23.01,0,3.1,0.251283219
22.505,0,1.5,1.04774221
22.5,0,2.1,0.994023155
22.495,0,0,0.060351524
22.99,0,1.5,1.25652377
22.985,0,0,1.628235917
22.98,0,2.1,0.497335637
22.975,11,3.1,0.414785544
23.67,66,0,2.940113174
24.665,210,1.5,2.769172322
25.76,212,2.6,2.525643936
27.455,239,2.6,3.907464638
29.05,275,4.6,3.716678549
27.945,258,5.2,3.558475449
27.94,284,5.7,2.100902694
27.435,306,6.7,2.333468097
26.83,241,6.2,2.461244706
26.325,285,5.2,3.679622983
25.22,221,5.2,2.427025007
24.615,139,4.1,3.766250065
23.51,17,4.1,2.30996455
22.905,0,1.5,2.091405346
23.5,0,0,1.702686738
23.995,0,0,2.344109726
23.49,0,2.6,0.529754334
23.485,0,2.1,0.888744437
23.98,0,0,0.892365419
23.975,0,3.6,0.816573938
23.97,0,4.1,1.6634679
23.465,0,2.6,1.332773193
23.96,0,3.6,0.703210856
23.955,12,3.6,1.929591116
24.55,104,3.6,2.458910705
25.145,110,4.1,1.201262277
25.64,196,6.7,3.614208292
27.835,306,2.6,3.413700907
31.23,302,2.1,2.733351784
31.225,293,3.6,2.109909471
30.62,334,4.6,3.75119383
28.415,312,5.7,3.069725742
28.41,258,6.7,2.569730332
27.805,216,6.2,2.816377999
26.2,176,6.2,3.009550386
25.595,138,4.6,2.316209698
25.09,16,2.6,2.845731613
25.585,0,1.5,2.704682526
26.18,0,1.5,2.461448406
25.775,0,1.5,2.066028397
25.37,0,1.5,1.732755007
24.965,0,1.5,0.91806952
24.56,0,1.5,0.315172733
24.155,0,1.5,1.014939735
23.75,0,1.5,1.478725076
23.345,0,1.5,1.964100198
22.74,0,1.5,0.482642864
22.735,17,2.1,0.014226696
23.83,78,2.1,2.805532418
25.525,138,1.5,2.451596052
26.62,233,3.1,2.68228426
26.115,192,4.6,3.660318179
26.61,172,4.6,3.691446479
27.205,186,5.2,3.057629838
27.2,253,6.2,2.975251717
26.595,421,4.6,3.520568833
27.19,400,5.2,3.142313073
26.585,331,6.2,3.039712768
25.48,205,7.2,3.145951096
24.975,142,5.2,3.777123738
24.97,17,4.1,2.874610147
24.365,0,3.6,3.002394776
24.96,0,2.6,1.600405159
24.955,0,1.5,2.448401428
23.75,0,2.6,1.5489102
24.345,0,2.6,1.308938118
23.74,0,0,1.312603924
23.735,0,2.1,1.949299141
23.73,0,0,0.427138642
23.225,0,2.1,0.575561961
22.62,0,0,0.528919125
23.215,14,0,0.07334405
24.31,104,3.6,2.734430803
24.305,217,3.6,2.80908506
24.3,270,3.1,2.603612445
25.995,361,2.6,2.254311306
25.99,416,4.6,2.219002308
26.485,452,6.2,3.415021421
25.28,428,6.7,3.973098392
25.275,291,6.7,2.845208647
27.07,171,6.7,3.845837894
27.065,174,6.2,2.386987218
26.46,167,5.7,2.071037582
27.555,153,5.7,2.41364784
27.05,17,4.1,2.404670463
27.045,0,3.1,1.798955234
24.24,0,2.1,1.397416696
24.835,0,0,2.141237716
24.83,0,1.5,1.869850158
24.225,0,0,1.494075618
24.22,0,2.1,1.967465959
23.615,0,1.5,0.376614443
23.61,0,0,0.114784287
23.605,0,2.1,0.903193235
23.1,0,2.6,0.764830927
23.595,17,0,0.913796351
25.29,84,2.1,1.451926317
26.985,117,2.1,1.510102114
28.58,136,3.6,3.801934427
28.075,147,4.6,2.784911535
29.17,168,4.1,2.204144637
29.165,182,5.7,3.538884254
29.16,180,5.2,2.945382291
28.555,171,6.7,3.547145558
29.15,177,5.7,2.567268267
28.045,240,5.7,2.126304403
27.44,224,4.1,2.043497462
26.935,116,3.1,2.601881772
26.33,12,3.6,2.629916724
25.225,0,1.5,1.999916217
24.72,0,0,2.467387872
24.715,0,2.6,1.09459325
24.11,0,3.6,0.638554806
23.505,0,3.1,0.604740902
23.5,0,2.1,0.713687949
24.095,0,1.5,0.210957338
23.49,0,0,0.864724283
22.985,0,1.5,1.570213865
22.98,0,2.1,1.587773407
22.975,13,1.5,0.764503281
24.07,79,2.6,2.392980039
25.165,177,3.1,1.98321736
27.96,138,2.6,2.294832191
29.655,148,1.5,2.542960483
27.35,233,5.2,2.920989968
26.245,458,6.2,3.758506557
26.24,411,5.2,3.693128101
26.235,414,5.7,3.017957972
25.73,314,5.7,3.837782031
24.625,313,5.2,3.138783205
24.02,212,5.2,3.467442934
24.015,152,4.1,3.673983755
23.41,15,4.1,3.464996536
23.405,0,3.6,2.892277655
23.4,0,3.1,1.367730202
22.895,0,1.5,2.630330721
22.89,0,2.1,1.074907236
22.885,0,2.6,0.685956221
22.88,0,1.5,1.013013036
23.975,0,3.6,0.33583233
23.37,0,1.5,1.613739975
23.365,0,3.1,1.013080672
23.36,0,0,1.0707317
23.355,14,0,1.028623084
23.95,98,2.1,1.700157408
23.945,205,3.1,1.117086462
24.54,298,2.6,3.44468913
25.035,353,2.6,3.582469583
25.63,380,4.6,2.941288802
25.625,247,5.2,2.030275261
25.62,183,6.2,2.685725832
25.015,174,6.7,3.913342898
24.51,174,4.1,3.440524539
23.905,176,5.2,3.241550184
23.9,168,4.6,2.112614654
23.295,157,4.6,3.909858216
23.29,15,4.1,2.298201022
23.285,0,4.1,2.870611959
23.28,0,2.6,1.192984351
23.275,0,2.6,1.256119809
23.87,0,2.1,1.708884387
23.865,0,3.6,0.175132723
23.86,0,2.1,0.567630111
23.255,0,0,1.777763904
23.85,0,4.1,0.801084721
23.845,0,3.6,0.183009812
23.84,0,3.6,1.672488245
23.835,9,3.6,1.716856182
23.83,100,3.1,1.736940221
24.925,146,3.1,2.961969236
25.52,292,1.5,3.190248079
24.915,346,5.7,3.674993956
24.91,298,4.1,2.380820858
26.005,312,5.7,2.317276521
26.6,432,5.7,2.187578992
25.995,342,7.2,2.959897092
25.99,261,8.2,2.45314504
25.485,246,8.2,2.579603347
24.38,202,8.2,3.245322866
23.775,142,5.2,2.678716738
23.17,12,4.6,3.155168644
23.165,0,4.6,3.296021111
22.66,0,2.6,1.349389582
23.155,0,3.1,1.223614525
23.15,0,1.5,0.525549016
22.645,0,2.6,1.962613488
22.04,0,2.1,1.044010862
20.935,0,3.1,1.82789595
20.93,0,2.1,0.929922
20.925,0,1.5,1.882655542
20.92,0,0,1.634945883
21.515,13,1.5,0.053058978
22.61,75,1.5,1.835234464
23.705,140,0,1.038456902
24.3,186,3.6,3.835534088
24.295,220,4.1,2.757029536
25.39,228,5.2,3.160938994
25.885,225,5.7,3.983077617
25.88,213,5.7,2.113563383
25.875,171,6.7,3.009927238
25.37,177,7.2,3.117251461
24.765,185,7.2,2.103134648
24.26,196,7.2,3.975489441
23.655,138,6.2,3.63550411
23.05,11,3.6,2.966261007
22.545,0,4.1,2.922107487
21.94,0,3.6,2.345879871
21.935,0,3.6,1.505765461
21.93,0,3.6,1.091019432
21.925,0,0,1.561094242
21.42,0,2.1,1.852876501
21.415,0,1.5,1.014170548
20.81,0,2.6,0.81738632
20.805,0,2.1,1.220973523
20.8,0,0,1.442839219
21.395,12,1.5,0.242561499
22.49,76,0,2.145297336
23.585,151,2.6,1.5895822
24.58,208,2.1,2.615790538
25.275,263,5.2,3.13262835
25.77,225,4.1,2.842362053
26.365,226,5.7,2.102420024
25.76,219,6.2,2.859500875
25.755,172,6.2,2.167247265
25.25,173,6.2,3.324159703
25.245,179,6.7,3.533294411
24.14,166,7.7,2.527245903
23.535,131,5.7,2.041365264
22.93,10,4.6,2.708539363
21.825,0,3.1,2.621742763
22.42,0,4.1,1.872179849
21.815,0,3.6,1.073884818
21.81,0,2.1,1.089563174
21.805,0,3.1,0.805256465
21.3,0,1.5,1.440617597
21.795,0,0,1.303121329
20.69,0,1.5,0.524428981
20.685,0,0,0.754814635
20.68,0,0,0.427871488
21.275,12,1.5,1.389872954
22.37,73,2.1,1.810088821
23.465,113,1.5,2.960668082
25.16,137,2.1,2.648658059
25.155,147,4.1,3.024356138
25.65,169,4.6,3.913576332
25.645,183,5.7,3.637985254
25.14,182,6.2,2.684049567
25.135,174,5.2,3.400831025
25.13,175,6.2,2.125590186
25.125,182,6.7,2.894731895
24.02,185,6.2,3.219356354
22.815,138,5.7,2.675886303
22.31,9,5.2,3.267531392
22.305,0,3.1,2.767964574
22.3,0,2.6,1.636425731
22.295,0,1.5,1.06168404
22.29,0,2.1,0.206799608
21.685,0,2.1,1.276291941
22.28,0,0,0.480408125
22.275,0,2.1,1.39929614
22.27,0,2.1,1.845951545
22.265,0,2.1,0.779362094
22.76,0,3.1,1.132874886
23.355,4,2.1,1.470954764
22.75,94,2.1,2.382301415
23.345,217,4.1,1.02140494
24.44,289,3.6,3.993985105
24.435,214,3.1,2.345465585
25.03,170,4.1,3.709362671
25.525,184,6.2,2.680297127
25.52,177,6.7,3.804597288
25.015,169,7.2,2.182636544
24.41,177,6.7,3.6989253
23.905,177,7.2,3.89493378
23.9,162,6.7,3.25835123
23.295,147,7.2,3.27006624
22.69,9,4.6,2.058944353
22.185,0,4.1,1.785505909
22.18,0,3.1,1.205031081
22.175,0,3.6,1.954993833
21.57,0,2.6,0.878571396
21.065,0,3.1,0.218458744
21.06,0,2.1,1.751870096
21.055,0,1.5,1.988415093
21.55,0,2.1,0.839465526
21.045,0,2.6,1.446524832
21.04,0,0,0.633069745
21.535,11,0,0.63319101
22.63,90,1.5,2.727738665
23.825,201,2.1,1.035905287
23.22,254,4.6,3.178224992
23.815,320,3.6,3.507685228
24.91,248,4.6,2.98556658
24.905,257,4.6,2.213669835
24.9,228,5.7,3.777539079
24.895,201,6.2,3.03792741
24.89,172,7.2,2.364545336
24.285,172,6.7,2.474604706
24.28,168,7.2,3.430138423
24.275,153,5.2,3.635819421
23.17,9,3.6,2.521110936
22.565,0,4.1,2.695837707
22.06,0,4.1,2.074418871
22.055,0,2.6,1.029448218
22.55,0,2.1,0.026065994
22.045,0,2.6,1.258498425
22.04,0,2.1,1.193876776
22.035,0,2.6,1.420337463
22.03,0,0,1.649819103
22.025,0,1.5,0.185898277
21.42,0,0,1.867456521
22.015,11,1.5,0.166112614
23.11,74,0,2.64818784
24.805,113,0,1.236555609
25.9,135,2.1,2.153262794
26.395,145,3.6,2.940121577
26.39,166,4.6,3.845427134
25.885,181,6.7,3.052658529
25.88,181,7.2,3.164037628
25.875,173,6.7,3.439545838
25.87,179,7.2,3.75697202
